body_acc_x,body_acc_y,body_acc_z,gravity_acc_x,gravity_acc_y,gravity_acc_z,body_gyro_x,body_gyro_y,body_gyro_z
-0.042160034,0.91722107,9.824722,-0.042160034,0.91722107,9.824722,-0.042160034,0.91722107,9.824722
-0.046707153,0.91793823,9.825195,-0.046707153,0.91793823,9.825195,-0.046707153,0.91793823,9.825195
-0.04598999,0.9193878,9.8220825,-0.04598999,0.9193878,9.8220825,-0.04598999,0.9193878,9.8220825
-0.043823242,0.9184265,9.826874,-0.043823242,0.9184265,9.826874,-0.043823242,0.9184265,9.826874
-0.044555664,0.920578,9.826157,-0.044555664,0.920578,9.826157,-0.044555664,0.920578,9.826157
-0.04335022,0.9179535,9.820892,-0.04335022,0.9179535,9.820892,-0.04335022,0.9179535,9.820892
-0.042388916,0.920578,9.81778,-0.042388916,0.920578,9.81778,-0.042388916,0.920578,9.81778
-0.040725708,0.91889954,9.8220825,-0.040725708,0.91889954,9.8220825,-0.040725708,0.91889954,9.8220825
-0.0476532,0.9181824,9.8216095,-0.0476532,0.9181824,9.8216095,-0.0476532,0.9181824,9.8216095
-0.042388916,0.920105,9.819931,-0.042388916,0.920105,9.819931,-0.042388916,0.920105,9.819931
-0.044067383,0.91674805,9.81897,-0.044067383,0.91674805,9.81897,-0.044067383,0.91674805,9.81897
-0.047424316,0.9174652,9.820648,-0.047424316,0.9174652,9.820648,-0.047424316,0.9174652,9.820648
-0.044784546,0.91625977,9.819443,-0.044784546,0.91625977,9.819443,-0.044784546,0.91625977,9.819443
-0.042633057,0.9246521,9.826157,-0.042633057,0.9246521,9.826157,-0.042633057,0.9246521,9.826157
-0.04525757,0.91722107,9.82399,-0.04525757,0.91722107,9.82399,-0.04525757,0.91722107,9.82399
-0.03904724,0.9184265,9.822556,-0.03904724,0.9184265,9.822556,-0.03904724,0.9184265,9.822556
-0.041671753,0.9165039,9.825912,-0.041671753,0.9165039,9.825912,-0.041671753,0.9165039,9.825912
-0.042877197,0.9165039,9.825668,-0.042877197,0.9165039,9.825668,-0.042877197,0.9165039,9.825668
-0.046463013,0.92129517,9.8228,-0.046463013,0.92129517,9.8228,-0.046463013,0.92129517,9.8228
-0.045028687,0.9191437,9.824951,-0.045028687,0.9191437,9.824951,-0.045028687,0.9191437,9.824951
-0.04310608,0.920105,9.824234,-0.04310608,0.920105,9.824234,-0.04310608,0.920105,9.824234
-0.039764404,0.9184265,9.825439,-0.039764404,0.9184265,9.825439,-0.039764404,0.9184265,9.825439
-0.041427612,0.9141083,9.820648,-0.041427612,0.9141083,9.820648,-0.041427612,0.9141083,9.820648
-0.047668457,0.9196167,9.82782,-0.047668457,0.9196167,9.82782,-0.047668457,0.9196167,9.82782
-0.044784546,0.91555786,9.828064,-0.044784546,0.91555786,9.828064,-0.044784546,0.91555786,9.828064
-0.04119873,0.9141083,9.823761,-0.04119873,0.9141083,9.823761,-0.04119873,0.9141083,9.823761
-0.04550171,0.91937256,9.828308,-0.04550171,0.91937256,9.828308,-0.04550171,0.91937256,9.828308
-0.044311523,0.9160309,9.829025,-0.044311523,0.9160309,9.829025,-0.044311523,0.9160309,9.829025
-0.039993286,0.920578,9.819443,-0.039993286,0.920578,9.819443,-0.039993286,0.920578,9.819443
-0.04310608,0.9153137,9.828308,-0.04310608,0.9153137,9.828308,-0.04310608,0.9153137,9.828308
-0.045028687,0.9160309,9.826874,-0.045028687,0.9160309,9.826874,-0.045028687,0.9160309,9.826874
-0.04310608,0.91555786,9.829742,-0.04310608,0.91555786,9.829742,-0.04310608,0.91555786,9.829742
-0.042160034,0.9165039,9.825684,-0.042160034,0.9165039,9.825684,-0.042160034,0.9165039,9.825684
-0.041671753,0.91674805,9.825912,-0.041671753,0.91674805,9.825912,-0.041671753,0.91674805,9.825912
-0.04310608,0.9141083,9.823273,-0.04310608,0.9141083,9.823273,-0.04310608,0.9141083,9.823273
-0.04359436,0.9153137,9.828308,-0.04359436,0.9153137,9.828308,-0.04359436,0.9153137,9.828308
-0.04574585,0.9174652,9.823517,-0.04574585,0.9174652,9.823517,-0.04574585,0.9174652,9.823517
-0.04814148,0.9141083,9.820892,-0.04814148,0.9141083,9.820892,-0.04814148,0.9141083,9.820892
-0.04359436,0.92033386,9.8263855,-0.04359436,0.92033386,9.8263855,-0.04359436,0.92033386,9.8263855
-0.048858643,0.92225647,9.824005,-0.048858643,0.92225647,9.824005,-0.048858643,0.92225647,9.824005
-0.042877197,0.9210663,9.827591,-0.042877197,0.9210663,9.827591,-0.042877197,0.9210663,9.827591
-0.045272827,0.9251251,9.830215,-0.045272827,0.9251251,9.830215,-0.045272827,0.9251251,9.830215
-0.04550171,0.9165039,9.830231,-0.04550171,0.9165039,9.830231,-0.04550171,0.9165039,9.830231
-0.044555664,0.920578,9.829498,-0.044555664,0.920578,9.829498,-0.044555664,0.920578,9.829498
-0.04574585,0.9258423,9.829269,-0.04574585,0.9258423,9.829269,-0.04574585,0.9258423,9.829269
-0.03904724,0.920578,9.825668,-0.03904724,0.920578,9.825668,-0.03904724,0.920578,9.825668
-0.049331665,0.9196167,9.827347,-0.049331665,0.9196167,9.827347,-0.049331665,0.9196167,9.827347
-0.045272827,0.9191437,9.834534,-0.045272827,0.9191437,9.834534,-0.045272827,0.9191437,9.834534
-0.044555664,0.9217682,9.829269,-0.044555664,0.9217682,9.829269,-0.044555664,0.9217682,9.829269
-0.047180176,0.92440796,9.829514,-0.047180176,0.92440796,9.829514,-0.047180176,0.92440796,9.829514
-0.046951294,0.9236908,9.8376465,-0.046951294,0.9236908,9.8376465,-0.046951294,0.9236908,9.8376465
-0.04814148,0.9220123,9.832855,-0.04814148,0.9220123,9.832855,-0.04814148,0.9220123,9.832855
-0.04574585,0.91722107,9.8228,-0.04574585,0.91722107,9.8228,-0.04574585,0.91722107,9.8228
-0.04550171,0.91889954,9.8263855,-0.04550171,0.91889954,9.8263855,-0.04550171,0.91889954,9.8263855
-0.045028687,0.91578674,9.828781,-0.045028687,0.91578674,9.828781,-0.045028687,0.91578674,9.828781
-0.04550171,0.91578674,9.828064,-0.04550171,0.91578674,9.828064,-0.04550171,0.91578674,9.828064
-0.046218872,0.920578,9.833099,-0.046218872,0.920578,9.833099,-0.046218872,0.920578,9.833099
-0.04574585,0.91555786,9.829498,-0.04574585,0.91555786,9.829498,-0.04574585,0.91555786,9.829498
-0.042877197,0.9169922,9.834045,-0.042877197,0.9169922,9.834045,-0.042877197,0.9169922,9.834045
-0.044067383,0.91793823,9.834061,-0.044067383,0.91793823,9.834061,-0.044067383,0.91793823,9.834061
-0.042404175,0.9191437,9.829269,-0.042404175,0.9191437,9.829269,-0.042404175,0.9191437,9.829269
-0.046707153,0.9129181,9.831665,-0.046707153,0.9129181,9.831665,-0.046707153,0.9129181,9.831665
-0.04598999,0.921051,9.835251,-0.04598999,0.921051,9.835251,-0.04598999,0.921051,9.835251
-0.04119873,0.91316223,9.834778,-0.04119873,0.91316223,9.834778,-0.04119873,0.91316223,9.834778
-0.046218872,0.9153137,9.833572,-0.046218872,0.9153137,9.833572,-0.046218872,0.9153137,9.833572
-0.047180176,0.920105,9.834061,-0.047180176,0.920105,9.834061,-0.047180176,0.920105,9.834061
-0.04359436,0.91674805,9.827347,-0.04359436,0.91674805,9.827347,-0.04359436,0.91674805,9.827347
-0.042877197,0.9215393,9.829269,-0.042877197,0.9215393,9.829269,-0.042877197,0.9215393,9.829269
-0.047424316,0.91867065,9.836212,-0.047424316,0.91867065,9.836212,-0.047424316,0.91867065,9.836212
-0.042160034,0.9193878,9.836212,-0.042160034,0.9193878,9.836212,-0.042160034,0.9193878,9.836212
-0.044784546,0.9260864,9.827591,-0.044784546,0.9260864,9.827591,-0.044784546,0.9260864,9.827591
-0.042633057,0.92344666,9.831421,-0.042633057,0.92344666,9.831421,-0.042633057,0.92344666,9.831421
-0.051727295,0.91889954,9.828781,-0.051727295,0.91889954,9.828781,-0.051727295,0.91889954,9.828781
-0.039764404,0.92082214,9.833099,-0.039764404,0.92082214,9.833099,-0.039764404,0.92082214,9.833099
-0.04335022,0.91793823,9.829514,-0.04335022,0.91793823,9.829514,-0.04335022,0.91793823,9.829514
-0.042388916,0.92225647,9.829269,-0.042388916,0.92225647,9.829269,-0.042388916,0.92225647,9.829269
-0.047180176,0.9236908,9.825439,-0.047180176,0.9236908,9.825439,-0.047180176,0.9236908,9.825439
-0.04838562,0.9220123,9.834534,-0.04838562,0.9220123,9.834534,-0.04838562,0.9220123,9.834534
-0.04598999,0.9260864,9.826401,-0.04598999,0.9260864,9.826401,-0.04598999,0.9260864,9.826401
-0.048858643,0.9232178,9.825439,-0.048858643,0.9232178,9.825439,-0.048858643,0.9232178,9.825439
-0.04814148,0.91889954,9.828308,-0.04814148,0.91889954,9.828308,-0.04814148,0.91889954,9.828308
-0.041671753,0.9181824,9.829742,-0.041671753,0.9181824,9.829742,-0.041671753,0.9181824,9.829742
-0.042633057,0.92344666,9.830704,-0.042633057,0.92344666,9.830704,-0.042633057,0.92344666,9.830704
-0.042388916,0.921051,9.828781,-0.042388916,0.921051,9.828781,-0.042388916,0.921051,9.828781
-0.039993286,0.9153137,9.828308,-0.039993286,0.9153137,9.828308,-0.039993286,0.9153137,9.828308
-0.041671753,0.91578674,9.836212,-0.041671753,0.91578674,9.836212,-0.041671753,0.91578674,9.836212
-0.038330078,0.9217682,9.830704,-0.038330078,0.9217682,9.830704,-0.038330078,0.9217682,9.830704
-0.044067383,0.9155426,9.832138,-0.044067383,0.9155426,9.832138,-0.044067383,0.9155426,9.832138
-0.046707153,0.9184265,9.829498,-0.046707153,0.9184265,9.829498,-0.046707153,0.9184265,9.829498
-0.045028687,0.9196167,9.829987,-0.045028687,0.9196167,9.829987,-0.045028687,0.9196167,9.829987
-0.04310608,0.9165039,9.829742,-0.04310608,0.9165039,9.829742,-0.04310608,0.9165039,9.829742
-0.049102783,0.91267395,9.828781,-0.049102783,0.91267395,9.828781,-0.049102783,0.91267395,9.828781
-0.04814148,0.9141083,9.833572,-0.04814148,0.9141083,9.833572,-0.04814148,0.9141083,9.833572
-0.045028687,0.91578674,9.831909,-0.045028687,0.91578674,9.831909,-0.045028687,0.91578674,9.831909
-0.046707153,0.9112396,9.827835,-0.046707153,0.9112396,9.827835,-0.046707153,0.9112396,9.827835
-0.05029297,0.9169922,9.829987,-0.05029297,0.9169922,9.829987,-0.05029297,0.9169922,9.829987
-0.045028687,0.91986084,9.829742,-0.045028687,0.91986084,9.829742,-0.045028687,0.91986084,9.829742
-0.049331665,0.9174652,9.829987,-0.049331665,0.9174652,9.829987,-0.049331665,0.9174652,9.829987
-0.045028687,0.91625977,9.828781,-0.045028687,0.91625977,9.828781,-0.045028687,0.91625977,9.828781
-0.04119873,0.9169922,9.832138,-0.04119873,0.9169922,9.832138,-0.04119873,0.9169922,9.832138
-0.0438385,0.9215393,9.831894,-0.0438385,0.9215393,9.831894,-0.0438385,0.9215393,9.831894
-0.04144287,0.91722107,9.828308,-0.04144287,0.91722107,9.828308,-0.04144287,0.91722107,9.828308
-0.044067383,0.9160309,9.825439,-0.044067383,0.9160309,9.825439,-0.044067383,0.9160309,9.825439
-0.042160034,0.9133911,9.828781,-0.042160034,0.9133911,9.828781,-0.042160034,0.9133911,9.828781
-0.04144287,0.91363525,9.828308,-0.04144287,0.91363525,9.828308,-0.04144287,0.91363525,9.828308
-0.046936035,0.9174652,9.830704,-0.046936035,0.9174652,9.830704,-0.046936035,0.9174652,9.830704
-0.04310608,0.9193878,9.829742,-0.04310608,0.9193878,9.829742,-0.04310608,0.9193878,9.829742
-0.046463013,0.9220123,9.830948,-0.046463013,0.9220123,9.830948,-0.046463013,0.9220123,9.830948
-0.044784546,0.91578674,9.831894,-0.044784546,0.91578674,9.831894,-0.044784546,0.91578674,9.831894
-0.04119873,0.91625977,9.830933,-0.04119873,0.91625977,9.830933,-0.04119873,0.91625977,9.830933
-0.043121338,0.9227295,9.823517,-0.043121338,0.9227295,9.823517,-0.043121338,0.9227295,9.823517
-0.04335022,0.9160309,9.832855,-0.04335022,0.9160309,9.832855,-0.04335022,0.9160309,9.832855
-0.04838562,0.9196167,9.826874,-0.04838562,0.9196167,9.826874,-0.04838562,0.9196167,9.826874
-0.041671753,0.9232178,9.8263855,-0.041671753,0.9232178,9.8263855,-0.041671753,0.9232178,9.8263855
-0.043823242,0.91986084,9.82663,-0.043823242,0.91986084,9.82663,-0.043823242,0.91986084,9.82663
-0.039764404,0.91770935,9.823761,-0.039764404,0.91770935,9.823761,-0.039764404,0.91770935,9.823761
-0.0388031,0.9138794,9.828552,-0.0388031,0.9138794,9.828552,-0.0388031,0.9138794,9.828552
-0.04335022,0.9143524,9.828064,-0.04335022,0.9143524,9.828064,-0.04335022,0.9143524,9.828064
-0.04310608,0.91555786,9.828064,-0.04310608,0.91555786,9.828064,-0.04310608,0.91555786,9.828064
-0.041671753,0.9215393,9.828308,-0.041671753,0.9215393,9.828308,-0.041671753,0.9215393,9.828308
-0.040725708,0.91770935,9.829987,-0.040725708,0.91770935,9.829987,-0.040725708,0.91770935,9.829987
-0.045028687,0.9129181,9.83429,-0.045028687,0.9129181,9.83429,-0.045028687,0.9129181,9.83429
-0.0438385,0.92033386,9.828552,-0.0438385,0.92033386,9.828552,-0.0438385,0.92033386,9.828552
-0.0438385,0.920105,9.832626,-0.0438385,0.920105,9.832626,-0.0438385,0.920105,9.832626
-0.04310608,0.91578674,9.829987,-0.04310608,0.91578674,9.829987,-0.04310608,0.91578674,9.829987
-0.0438385,0.91316223,9.831665,-0.0438385,0.91316223,9.831665,-0.0438385,0.91316223,9.831665
-0.04359436,0.9169922,9.833099,-0.04359436,0.9169922,9.833099,-0.04359436,0.9169922,9.833099
-0.04095459,0.91674805,9.832138,-0.04095459,0.91674805,9.832138,-0.04095459,0.91674805,9.832138
-0.045028687,0.91482544,9.838364,-0.045028687,0.91482544,9.838364,-0.045028687,0.91482544,9.838364
-0.045028687,0.91459656,9.828796,-0.045028687,0.91459656,9.828796,-0.045028687,0.91459656,9.828796
-0.040725708,0.9181824,9.830704,-0.040725708,0.9181824,9.830704,-0.040725708,0.9181824,9.830704
-0.04814148,0.91148376,9.831421,-0.04814148,0.91148376,9.831421,-0.04814148,0.91148376,9.831421
-0.046463013,0.91674805,9.829742,-0.046463013,0.91674805,9.829742,-0.046463013,0.91674805,9.829742
-0.047424316,0.9086151,9.829498,-0.047424316,0.9086151,9.829498,-0.047424316,0.9086151,9.829498
-0.047424316,0.91578674,9.828308,-0.047424316,0.91578674,9.828308,-0.047424316,0.91578674,9.828308
-0.04814148,0.91578674,9.832138,-0.04814148,0.91578674,9.832138,-0.04814148,0.91578674,9.832138
-0.046218872,0.9160309,9.83429,-0.046218872,0.9160309,9.83429,-0.046218872,0.9160309,9.83429
-0.049575806,0.91555786,9.829742,-0.049575806,0.91555786,9.829742,-0.049575806,0.91555786,9.829742
-0.045272827,0.9129181,9.83429,-0.045272827,0.9129181,9.83429,-0.045272827,0.9129181,9.83429
-0.0438385,0.920105,9.827835,-0.0438385,0.920105,9.827835,-0.0438385,0.920105,9.827835
-0.04574585,0.9160309,9.831177,-0.04574585,0.9160309,9.831177,-0.04574585,0.9160309,9.831177
-0.044784546,0.9196167,9.827118,-0.044784546,0.9196167,9.827118,-0.044784546,0.9196167,9.827118
-0.0388031,0.92225647,9.825912,-0.0388031,0.92225647,9.825912,-0.0388031,0.92225647,9.825912
-0.046463013,0.91889954,9.829987,-0.046463013,0.91889954,9.829987,-0.046463013,0.91889954,9.829987
-0.041915894,0.92082214,9.828308,-0.041915894,0.92082214,9.828308,-0.041915894,0.92082214,9.828308
-0.04359436,0.916275,9.831421,-0.04359436,0.916275,9.831421,-0.04359436,0.916275,9.831421
-0.046218872,0.9227295,9.826874,-0.046218872,0.9227295,9.826874,-0.046218872,0.9227295,9.826874
-0.047424316,0.91889954,9.827118,-0.047424316,0.91889954,9.827118,-0.047424316,0.91889954,9.827118
-0.044555664,0.92082214,9.831665,-0.044555664,0.92082214,9.831665,-0.044555664,0.92082214,9.831665
-0.037841797,0.9165039,9.822327,-0.037841797,0.9165039,9.822327,-0.037841797,0.9165039,9.822327
-0.04119873,0.9193878,9.832626,-0.04119873,0.9193878,9.832626,-0.04119873,0.9193878,9.832626
-0.042388916,0.91412354,9.827103,-0.042388916,0.91412354,9.827103,-0.042388916,0.91412354,9.827103
-0.04335022,0.9119568,9.829025,-0.04335022,0.9119568,9.829025,-0.04335022,0.9119568,9.829025
-0.044784546,0.9141083,9.835495,-0.044784546,0.9141083,9.835495,-0.044784546,0.9141083,9.835495
-0.038330078,0.91986084,9.830933,-0.038330078,0.91986084,9.830933,-0.038330078,0.91986084,9.830933
-0.042633057,0.91386414,9.827835,-0.042633057,0.91386414,9.827835,-0.042633057,0.91386414,9.827835
-0.041671753,0.91770935,9.832855,-0.041671753,0.91770935,9.832855,-0.041671753,0.91770935,9.832855
-0.042388916,0.9155426,9.83429,-0.042388916,0.9155426,9.83429,-0.042388916,0.9155426,9.83429
-0.04550171,0.91363525,9.832855,-0.04550171,0.91363525,9.832855,-0.04550171,0.91363525,9.832855
-0.041915894,0.9174652,9.830704,-0.041915894,0.9174652,9.830704,-0.041915894,0.9174652,9.830704
-0.044067383,0.91625977,9.8263855,-0.044067383,0.91625977,9.8263855,-0.044067383,0.91625977,9.8263855
-0.044784546,0.9129181,9.828552,-0.044784546,0.9129181,9.828552,-0.044784546,0.9129181,9.828552
-0.040481567,0.91867065,9.828552,-0.040481567,0.91867065,9.828552,-0.040481567,0.91867065,9.828552
-0.044555664,0.9184265,9.824234,-0.044555664,0.9184265,9.824234,-0.044555664,0.9184265,9.824234
-0.044067383,0.91889954,9.828781,-0.044067383,0.91889954,9.828781,-0.044067383,0.91889954,9.828781
-0.045028687,0.9138794,9.833572,-0.045028687,0.9138794,9.833572,-0.045028687,0.9138794,9.833572
-0.047424316,0.91459656,9.823517,-0.047424316,0.91459656,9.823517,-0.047424316,0.91459656,9.823517
-0.046218872,0.9124298,9.827591,-0.046218872,0.9124298,9.827591,-0.046218872,0.9124298,9.827591
-0.04838562,0.91578674,9.830948,-0.04838562,0.91578674,9.830948,-0.04838562,0.91578674,9.830948
-0.044311523,0.9150696,9.834534,-0.044311523,0.9150696,9.834534,-0.044311523,0.9150696,9.834534
-0.050048828,0.91937256,9.82663,-0.050048828,0.91937256,9.82663,-0.050048828,0.91937256,9.82663
-0.044784546,0.91482544,9.824722,-0.044784546,0.91482544,9.824722,-0.044784546,0.91482544,9.824722
-0.047180176,0.9138794,9.831665,-0.047180176,0.9138794,9.831665,-0.047180176,0.9138794,9.831665
-0.047180176,0.9153137,9.829025,-0.047180176,0.9153137,9.829025,-0.047180176,0.9153137,9.829025
-0.044555664,0.9153137,9.829269,-0.044555664,0.9153137,9.829269,-0.044555664,0.9153137,9.829269
-0.04814148,0.9129181,9.832382,-0.04814148,0.9129181,9.832382,-0.04814148,0.9129181,9.832382
-0.045028687,0.9155426,9.828064,-0.045028687,0.9155426,9.828064,-0.045028687,0.9155426,9.828064
-0.045028687,0.9129181,9.828064,-0.045028687,0.9129181,9.828064,-0.045028687,0.9129181,9.828064
-0.04359436,0.91578674,9.834778,-0.04359436,0.91578674,9.834778,-0.04359436,0.91578674,9.834778
-0.043823242,0.91363525,9.829987,-0.043823242,0.91363525,9.829987,-0.043823242,0.91363525,9.829987
-0.04095459,0.91363525,9.83165,-0.04095459,0.91363525,9.83165,-0.04095459,0.91363525,9.83165
-0.040237427,0.9129181,9.823273,-0.040237427,0.9129181,9.823273,-0.040237427,0.9129181,9.823273
-0.046218872,0.9119568,9.833099,-0.046218872,0.9119568,9.833099,-0.046218872,0.9119568,9.833099
-0.045028687,0.9160309,9.833099,-0.045028687,0.9160309,9.833099,-0.045028687,0.9160309,9.833099
-0.04598999,0.9150696,9.826157,-0.04598999,0.9150696,9.826157,-0.04598999,0.9150696,9.826157
-0.05029297,0.91722107,9.829987,-0.05029297,0.91722107,9.829987,-0.05029297,0.91722107,9.829987
-0.047180176,0.9160309,9.825195,-0.047180176,0.9160309,9.825195,-0.047180176,0.9160309,9.825195
-0.04574585,0.9133911,9.82782,-0.04574585,0.9133911,9.82782,-0.04574585,0.9133911,9.82782
-0.043121338,0.9184265,9.826157,-0.043121338,0.9184265,9.826157,-0.043121338,0.9184265,9.826157
-0.04574585,0.9169922,9.827347,-0.04574585,0.9169922,9.827347,-0.04574585,0.9169922,9.827347
-0.046218872,0.9165039,9.825668,-0.046218872,0.9165039,9.825668,-0.046218872,0.9165039,9.825668
-0.046707153,0.91482544,9.827347,-0.046707153,0.91482544,9.827347,-0.046707153,0.91482544,9.827347
-0.04550171,0.91722107,9.826874,-0.04550171,0.91722107,9.826874,-0.04550171,0.91722107,9.826874
-0.046707153,0.9109955,9.826401,-0.046707153,0.9109955,9.826401,-0.046707153,0.9109955,9.826401
-0.04789734,0.91793823,9.829269,-0.04789734,0.91793823,9.829269,-0.04789734,0.91793823,9.829269
-0.05029297,0.91770935,9.829742,-0.05029297,0.91770935,9.829742,-0.05029297,0.91770935,9.829742
-0.034729004,0.9129181,9.820175,-0.034729004,0.9129181,9.820175,-0.034729004,0.9129181,9.820175
0.08833313,0.596405,9.953766,0.08833313,0.596405,9.953766,0.08833313,0.596405,9.953766
-0.17359924,0.5600128,13.547211,-0.17359924,0.5600128,13.547211,-0.17359924,0.5600128,13.547211
1.8361053,5.119522,6.0107574,1.8361053,5.119522,6.0107574,1.8361053,5.119522,6.0107574
2.5062256,8.207092,5.506775,2.5062256,8.207092,5.506775,2.5062256,8.207092,5.506775
0.783371,8.205658,3.0668488,0.783371,8.205658,3.0668488,0.783371,8.205658,3.0668488
0.3733673,9.842697,0.6576843,0.3733673,9.842697,0.6576843,0.3733673,9.842697,0.6576843
-0.30874634,9.6788025,-0.05303955,-0.30874634,9.6788025,-0.05303955,-0.30874634,9.6788025,-0.05303955
-0.36512756,10.044052,0.6023712,-0.36512756,10.044052,0.6023712,-0.36512756,10.044052,0.6023712
-0.52578735,10.128204,0.9920349,-0.52578735,10.128204,0.9920349,-0.52578735,10.128204,0.9920349
-0.50375366,9.952347,0.58477783,-0.50375366,9.952347,0.58477783,-0.50375366,9.952347,0.58477783
-0.49908447,10.0859375,1.0415955,-0.49908447,10.0859375,1.0415955,-0.49908447,10.0859375,1.0415955
-0.35472107,9.886505,0.89842224,-0.35472107,9.886505,0.89842224,-0.35472107,9.886505,0.89842224
-0.50268555,8.955399,1.2520447,-0.50268555,8.955399,1.2520447,-0.50268555,8.955399,1.2520447
-0.021087646,7.0102386,2.1830292,-0.021087646,7.0102386,2.1830292,-0.021087646,7.0102386,2.1830292
0.7729492,3.522232,10.692612,0.7729492,3.522232,10.692612,0.7729492,3.522232,10.692612
1.3044586,0.11445618,12.762161,1.3044586,0.11445618,12.762161,1.3044586,0.11445618,12.762161
-0.6043091,-0.23582458,9.929459,-0.6043091,-0.23582458,9.929459,-0.6043091,-0.23582458,9.929459
-0.4259491,0.18914795,9.816452,-0.4259491,0.18914795,9.816452,-0.4259491,0.18914795,9.816452
-0.18365479,0.3100586,9.847458,-0.18365479,0.3100586,9.847458,-0.18365479,0.3100586,9.847458
-0.1928711,0.3111267,9.839798,-0.1928711,0.3111267,9.839798,-0.1928711,0.3111267,9.839798
-0.19526672,0.31376648,9.843033,-0.19526672,0.31376648,9.843033,-0.19526672,0.31376648,9.843033
-0.19203186,0.30897522,9.846985,-0.19203186,0.30897522,9.846985,-0.19203186,0.30897522,9.846985
-0.19657898,0.312088,9.841949,-0.19657898,0.312088,9.841949,-0.19657898,0.312088,9.841949
-0.19514465,0.3214264,9.85321,-0.19514465,0.3214264,9.85321,-0.19514465,0.3214264,9.85321
-0.19250488,0.32466125,9.846024,-0.19250488,0.32466125,9.846024,-0.19250488,0.32466125,9.846024
-0.19010925,0.32011414,9.846024,-0.19010925,0.32011414,9.846024,-0.19010925,0.32011414,9.846024
-0.19395447,0.32058716,9.850098,-0.19395447,0.32058716,9.850098,-0.19395447,0.32058716,9.850098
-0.19633484,0.32154846,9.847702,-0.19633484,0.32154846,9.847702,-0.19633484,0.32154846,9.847702
-0.1882019,0.32202148,9.846024,-0.1882019,0.32202148,9.846024,-0.1882019,0.32202148,9.846024
-0.19395447,0.32466125,9.846268,-0.19395447,0.32466125,9.846268,-0.19395447,0.32466125,9.846268
-0.19442749,0.32537842,9.843628,-0.19442749,0.32537842,9.843628,-0.19442749,0.32537842,9.843628
-0.18844604,0.32058716,9.842911,-0.18844604,0.32058716,9.842911,-0.18844604,0.32058716,9.842911
-0.19442749,0.32609558,9.847946,-0.19442749,0.32609558,9.847946,-0.19442749,0.32609558,9.847946
-0.20065308,0.3244171,9.848419,-0.20065308,0.3244171,9.848419,-0.20065308,0.3244171,9.848419
-0.19274902,0.3234558,9.846985,-0.19274902,0.3234558,9.846985,-0.19274902,0.3234558,9.846985
-0.1953888,0.3217926,9.845062,-0.1953888,0.3217926,9.845062,-0.1953888,0.3217926,9.845062
-0.19371033,0.3325653,9.846985,-0.19371033,0.3325653,9.846985,-0.19371033,0.3325653,9.846985
-0.19155884,0.32705688,9.846024,-0.19155884,0.32705688,9.846024,-0.19155884,0.32705688,9.846024
-0.192276,0.32777405,9.847946,-0.192276,0.32777405,9.847946,-0.192276,0.32777405,9.847946
-0.19490051,0.32418823,9.8450775,-0.19490051,0.32418823,9.8450775,-0.19490051,0.32418823,9.8450775
-0.19155884,0.3284912,9.843384,-0.19155884,0.3284912,9.843384,-0.19155884,0.3284912,9.843384
-0.19274902,0.3229828,9.843628,-0.19274902,0.3229828,9.843628,-0.19274902,0.3229828,9.843628
-0.19395447,0.3217926,9.84819,-0.19395447,0.3217926,9.84819,-0.19395447,0.3217926,9.84819
-0.19252014,0.3249054,9.843399,-0.19252014,0.3249054,9.843399,-0.19252014,0.3249054,9.843399
-0.19155884,0.3227539,9.842194,-0.19155884,0.3227539,9.842194,-0.19155884,0.3227539,9.842194
-0.19178772,0.32273865,9.847702,-0.19178772,0.32273865,9.847702,-0.19178772,0.32273865,9.847702
-0.19107056,0.32035828,9.845551,-0.19107056,0.32035828,9.845551,-0.19107056,0.32035828,9.845551
-0.19010925,0.31819153,9.850327,-0.19010925,0.31819153,9.850327,-0.19010925,0.31819153,9.850327
-0.19346619,0.32537842,9.850571,-0.19346619,0.32537842,9.850571,-0.19346619,0.32537842,9.850571
-0.19586182,0.3229828,9.847946,-0.19586182,0.3229828,9.847946,-0.19586182,0.3229828,9.847946
-0.19299316,0.31915283,9.846268,-0.19299316,0.31915283,9.846268,-0.19299316,0.31915283,9.846268
-0.19491577,0.3196411,9.846268,-0.19491577,0.3196411,9.846268,-0.19491577,0.3196411,9.846268
-0.19107056,0.32347107,9.843155,-0.19107056,0.32347107,9.843155,-0.19107056,0.32347107,9.843155
-0.19418335,0.32322693,9.846512,-0.19418335,0.32322693,9.846512,-0.19418335,0.32322693,9.846512
-0.19873047,0.3234558,9.843872,-0.19873047,0.3234558,9.843872,-0.19873047,0.3234558,9.843872
-0.19442749,0.31987,9.849625,-0.19442749,0.31987,9.849625,-0.19442749,0.31987,9.849625
-0.19610596,0.3217926,9.840988,-0.19610596,0.3217926,9.840988,-0.19610596,0.3217926,9.840988
-0.19274902,0.31819153,9.850342,-0.19274902,0.31819153,9.850342,-0.19274902,0.31819153,9.850342
-0.19203186,0.32250977,9.8493805,-0.19203186,0.32250977,9.8493805,-0.19203186,0.32250977,9.8493805
-0.19418335,0.32130432,9.841003,-0.19418335,0.32130432,9.841003,-0.19418335,0.32130432,9.841003
-0.1953888,0.3227539,9.845306,-0.1953888,0.3227539,9.845306,-0.1953888,0.3227539,9.845306
-0.19561768,0.3208313,9.848892,-0.19561768,0.3208313,9.848892,-0.19561768,0.3208313,9.848892
-0.19059753,0.3229828,9.842194,-0.19059753,0.3229828,9.842194,-0.19059753,0.3229828,9.842194
-0.19610596,0.32347107,9.8493805,-0.19610596,0.32347107,9.8493805,-0.19610596,0.32347107,9.8493805
-0.19825745,0.32107544,9.840271,-0.19825745,0.32107544,9.840271,-0.19825745,0.32107544,9.840271
-0.19155884,0.31892395,9.852005,-0.19155884,0.31892395,9.852005,-0.19155884,0.31892395,9.852005
-0.1903534,0.32035828,9.851776,-0.1903534,0.32035828,9.851776,-0.1903534,0.32035828,9.851776
-0.19299316,0.32585144,9.847702,-0.19299316,0.32585144,9.847702,-0.19299316,0.32585144,9.847702
-0.19729614,0.32107544,9.846741,-0.19729614,0.32107544,9.846741,-0.19729614,0.32107544,9.846741
-0.19274902,0.31987,9.852005,-0.19274902,0.31987,9.852005,-0.19274902,0.31987,9.852005
-0.19178772,0.31987,9.845779,-0.19178772,0.31987,9.845779,-0.19178772,0.31987,9.845779
-0.19274902,0.31939697,9.846985,-0.19274902,0.31939697,9.846985,-0.19274902,0.31939697,9.846985
-0.19346619,0.3234558,9.847946,-0.19346619,0.3234558,9.847946,-0.19346619,0.3234558,9.847946
-0.19322205,0.3196411,9.847946,-0.19322205,0.3196411,9.847946,-0.19322205,0.3196411,9.847946
-0.19274902,0.3239441,9.841476,-0.19274902,0.3239441,9.841476,-0.19274902,0.3239441,9.841476
-0.19012451,0.31819153,9.839554,-0.19012451,0.31819153,9.839554,-0.19012451,0.31819153,9.839554
-0.19346619,0.32466125,9.845306,-0.19346619,0.32466125,9.845306,-0.19346619,0.32466125,9.845306
-0.19610596,0.32322693,9.843628,-0.19610596,0.32322693,9.843628,-0.19610596,0.32322693,9.843628
-0.19299316,0.32681274,9.8498535,-0.19299316,0.32681274,9.8498535,-0.19299316,0.32681274,9.8498535
-0.19682312,0.32154846,9.846024,-0.19682312,0.32154846,9.846024,-0.19682312,0.32154846,9.846024
-0.19299316,0.32250977,9.847458,-0.19299316,0.32250977,9.847458,-0.19299316,0.32250977,9.847458
-0.19346619,0.32537842,9.841476,-0.19346619,0.32537842,9.841476,-0.19346619,0.32537842,9.841476
-0.1953888,0.3229828,9.840042,-0.1953888,0.3229828,9.840042,-0.1953888,0.3229828,9.840042
-0.19490051,0.32369995,9.847229,-0.19490051,0.32369995,9.847229,-0.19490051,0.32369995,9.847229
-0.19418335,0.32035828,9.843872,-0.19418335,0.32035828,9.843872,-0.19418335,0.32035828,9.843872
-0.19346619,0.32202148,9.841476,-0.19346619,0.32202148,9.841476,-0.19346619,0.32202148,9.841476
-0.19610596,0.32035828,9.843628,-0.19610596,0.32035828,9.843628,-0.19610596,0.32035828,9.843628
-0.1913147,0.32537842,9.846497,-0.1913147,0.32537842,9.846497,-0.1913147,0.32537842,9.846497
-0.19657898,0.3189087,9.846985,-0.19657898,0.3189087,9.846985,-0.19657898,0.3189087,9.846985
-0.19274902,0.32537842,9.847702,-0.19274902,0.32537842,9.847702,-0.19274902,0.32537842,9.847702
-0.19682312,0.32322693,9.844345,-0.19682312,0.32322693,9.844345,-0.19682312,0.32322693,9.844345
-0.2001648,0.3265686,9.845062,-0.2001648,0.3265686,9.845062,-0.2001648,0.3265686,9.845062
-0.19418335,0.32730103,9.846024,-0.19418335,0.32730103,9.846024,-0.19418335,0.32730103,9.846024
-0.18988037,0.32226562,9.848419,-0.18988037,0.32226562,9.848419,-0.18988037,0.32226562,9.848419
-0.19778442,0.32730103,9.842911,-0.19778442,0.32730103,9.842911,-0.19778442,0.32730103,9.842911
-0.19442749,0.3234558,9.846268,-0.19442749,0.3234558,9.846268,-0.19442749,0.3234558,9.846268
-0.19586182,0.32562256,9.841232,-0.19586182,0.32562256,9.841232,-0.19586182,0.32562256,9.841232
-0.18867493,0.32633972,9.838608,-0.18867493,0.32633972,9.838608,-0.18867493,0.32633972,9.838608
-0.19442749,0.3239441,9.841721,-0.19442749,0.3239441,9.841721,-0.19442749,0.3239441,9.841721
-0.19346619,0.32609558,9.842194,-0.19346619,0.32609558,9.842194,-0.19346619,0.32609558,9.842194
-0.19467163,0.32250977,9.850098,-0.19467163,0.32250977,9.850098,-0.19467163,0.32250977,9.850098
-0.19467163,0.32322693,9.842194,-0.19467163,0.32322693,9.842194,-0.19467163,0.32322693,9.842194
-0.19706726,0.3265686,9.843155,-0.19706726,0.3265686,9.843155,-0.19706726,0.3265686,9.843155
-0.19346619,0.32896423,9.851288,-0.19346619,0.32896423,9.851288,-0.19346619,0.32896423,9.851288
-0.19395447,0.3237152,9.844833,-0.19395447,0.3237152,9.844833,-0.19395447,0.3237152,9.844833
-0.19012451,0.31796265,9.844345,-0.19012451,0.31796265,9.844345,-0.19012451,0.31796265,9.844345
-0.19729614,0.31341553,9.841003,-0.19729614,0.31341553,9.841003,-0.19729614,0.31341553,9.841003
-0.19778442,0.31796265,9.843155,-0.19778442,0.31796265,9.843155,-0.19778442,0.31796265,9.843155
-0.19250488,0.32035828,9.846741,-0.19250488,0.32035828,9.846741,-0.19250488,0.32035828,9.846741
-0.1953888,0.31604004,9.845779,-0.1953888,0.31604004,9.845779,-0.1953888,0.31604004,9.845779
-0.19467163,0.31652832,9.839554,-0.19467163,0.31652832,9.839554,-0.19467163,0.31652832,9.839554
-0.19514465,0.31245422,9.849609,-0.19514465,0.31245422,9.849609,-0.19514465,0.31245422,9.849609
-0.19274902,0.3131714,9.843399,-0.19274902,0.3131714,9.843399,-0.19274902,0.3131714,9.843399
-0.19252014,0.31507874,9.847458,-0.19252014,0.31507874,9.847458,-0.19252014,0.31507874,9.847458
-0.19467163,0.31843567,9.845551,-0.19467163,0.31843567,9.845551,-0.19467163,0.31843567,9.845551
-0.19299316,0.31604004,9.842194,-0.19299316,0.31604004,9.842194,-0.19299316,0.31604004,9.842194
-0.1953888,0.3141327,9.846985,-0.1953888,0.3141327,9.846985,-0.1953888,0.3141327,9.846985
-0.19467163,0.31628418,9.848175,-0.19467163,0.31628418,9.848175,-0.19467163,0.31628418,9.848175
-0.18939209,0.31484985,9.84819,-0.18939209,0.31484985,9.84819,-0.18939209,0.31484985,9.84819
-0.18605042,0.31843567,9.851288,-0.18605042,0.31843567,9.851288,-0.18605042,0.31843567,9.851288
-0.192276,0.31915283,9.845306,-0.192276,0.31915283,9.845306,-0.192276,0.31915283,9.845306
-0.18748474,0.32035828,9.846741,-0.18748474,0.32035828,9.846741,-0.18748474,0.32035828,9.846741
-0.19561768,0.3141327,9.843399,-0.19561768,0.3141327,9.843399,-0.19561768,0.3141327,9.843399
-0.18916321,0.3208313,9.844116,-0.18916321,0.3208313,9.844116,-0.18916321,0.3208313,9.844116
-0.192276,0.32011414,9.847702,-0.192276,0.32011414,9.847702,-0.192276,0.32011414,9.847702
-0.19252014,0.31556702,9.844101,-0.19252014,0.31556702,9.844101,-0.19252014,0.31556702,9.844101
-0.19322205,0.32011414,9.844116,-0.19322205,0.32011414,9.844116,-0.19322205,0.32011414,9.844116
-0.19274902,0.315094,9.8381195,-0.19274902,0.315094,9.8381195,-0.19274902,0.315094,9.8381195
-0.18652344,0.31819153,9.848175,-0.18652344,0.31819153,9.848175,-0.18652344,0.31819153,9.848175
-0.19252014,0.31484985,9.841721,-0.19252014,0.31484985,9.841721,-0.19252014,0.31484985,9.841721
-0.19371033,0.31962585,9.843872,-0.19371033,0.31962585,9.843872,-0.19371033,0.31962585,9.843872
-0.19346619,0.31700134,9.845779,-0.19346619,0.31700134,9.845779,-0.19346619,0.31700134,9.845779
-0.19082642,0.32681274,9.840271,-0.19082642,0.32681274,9.840271,-0.19082642,0.32681274,9.840271
-0.19203186,0.31436157,9.843872,-0.19203186,0.31436157,9.843872,-0.19203186,0.31436157,9.843872
-0.192276,0.32034302,9.843872,-0.192276,0.32034302,9.843872,-0.192276,0.32034302,9.843872
-0.19561768,0.3177185,9.845779,-0.19561768,0.3177185,9.845779,-0.19561768,0.3177185,9.845779
-0.19203186,0.32202148,9.847946,-0.19203186,0.32202148,9.847946,-0.19203186,0.32202148,9.847946
-0.19682312,0.31819153,9.8493805,-0.19682312,0.31819153,9.8493805,-0.19682312,0.31819153,9.8493805
-0.19299316,0.3196411,9.842667,-0.19299316,0.3196411,9.842667,-0.19299316,0.3196411,9.842667
-0.19107056,0.31843567,9.843628,-0.19107056,0.31843567,9.843628,-0.19107056,0.31843567,9.843628
-0.19084167,0.32035828,9.846741,-0.19084167,0.32035828,9.846741,-0.19084167,0.32035828,9.846741
-0.18916321,0.31628418,9.845779,-0.18916321,0.31628418,9.845779,-0.18916321,0.31628418,9.845779
-0.19250488,0.31436157,9.843399,-0.19250488,0.31436157,9.843399,-0.19250488,0.31436157,9.843399
-0.19107056,0.3217926,9.845551,-0.19107056,0.3217926,9.845551,-0.19107056,0.3217926,9.845551
-0.1932373,0.32347107,9.844116,-0.1932373,0.32347107,9.844116,-0.1932373,0.32347107,9.844116
-0.18844604,0.3239441,9.850098,-0.18844604,0.3239441,9.850098,-0.18844604,0.3239441,9.850098
-0.18963623,0.32322693,9.848175,-0.18963623,0.32322693,9.848175,-0.18963623,0.32322693,9.848175
-0.18867493,0.31724548,9.841003,-0.18867493,0.31724548,9.841003,-0.18867493,0.31724548,9.841003
-0.19346619,0.31915283,9.84819,-0.19346619,0.31915283,9.84819,-0.19346619,0.31915283,9.84819
-0.1913147,0.3196411,9.841232,-0.1913147,0.3196411,9.841232,-0.1913147,0.3196411,9.841232
-0.18843079,0.32130432,9.845306,-0.18843079,0.32130432,9.845306,-0.18843079,0.32130432,9.845306
-0.19274902,0.32633972,9.845795,-0.19274902,0.32633972,9.845795,-0.19274902,0.32633972,9.845795
-0.18988037,0.33088684,9.844833,-0.18988037,0.33088684,9.844833,-0.18988037,0.33088684,9.844833
-0.1913147,0.32585144,9.843399,-0.1913147,0.32585144,9.843399,-0.1913147,0.32585144,9.843399
-0.18748474,0.32873535,9.848892,-0.18748474,0.32873535,9.848892,-0.18748474,0.32873535,9.848892
-0.19084167,0.32466125,9.841003,-0.19084167,0.32466125,9.841003,-0.19084167,0.32466125,9.841003
-0.18940735,0.32322693,9.850327,-0.18940735,0.32322693,9.850327,-0.18940735,0.32322693,9.850327
-0.19010925,0.32513428,9.852493,-0.19010925,0.32513428,9.852493,-0.19010925,0.32513428,9.852493
-0.1913147,0.32609558,9.843628,-0.1913147,0.32609558,9.843628,-0.1913147,0.32609558,9.843628
-0.1932373,0.32585144,9.848892,-0.1932373,0.32585144,9.848892,-0.1932373,0.32585144,9.848892
-0.19346619,0.32513428,9.847702,-0.19346619,0.32513428,9.847702,-0.19346619,0.32513428,9.847702
-0.19252014,0.32250977,9.8498535,-0.19252014,0.32250977,9.8498535,-0.19252014,0.32250977,9.8498535
-0.19082642,0.32347107,9.848419,-0.19082642,0.32347107,9.848419,-0.19082642,0.32347107,9.848419
-0.1903534,0.31915283,9.847458,-0.1903534,0.31915283,9.847458,-0.1903534,0.31915283,9.847458
-0.19250488,0.32202148,9.844345,-0.19250488,0.32202148,9.844345,-0.19250488,0.32202148,9.844345
-0.19059753,0.32035828,9.850098,-0.19059753,0.32035828,9.850098,-0.19059753,0.32035828,9.850098
-0.19180298,0.31915283,9.846985,-0.19180298,0.31915283,9.846985,-0.19180298,0.31915283,9.846985
-0.19395447,0.32250977,9.8498535,-0.19395447,0.32250977,9.8498535,-0.19395447,0.32250977,9.8498535
-0.18867493,0.32369995,9.845306,-0.18867493,0.32369995,9.845306,-0.18867493,0.32369995,9.845306
-0.19418335,0.32202148,9.841232,-0.19418335,0.32202148,9.841232,-0.19418335,0.32202148,9.841232
-0.19203186,0.3239441,9.841476,-0.19203186,0.3239441,9.841476,-0.19203186,0.3239441,9.841476
-0.19299316,0.32609558,9.847229,-0.19299316,0.32609558,9.847229,-0.19299316,0.32609558,9.847229
-0.19299316,0.31939697,9.846741,-0.19299316,0.31939697,9.846741,-0.19299316,0.31939697,9.846741
-0.19250488,0.32347107,9.847214,-0.19250488,0.32347107,9.847214,-0.19250488,0.32347107,9.847214
-0.1903534,0.32777405,9.845062,-0.1903534,0.32777405,9.845062,-0.1903534,0.32777405,9.845062
-0.19012451,0.3208313,9.846512,-0.19012451,0.3208313,9.846512,-0.19012451,0.3208313,9.846512
-0.1872406,0.32562256,9.848175,-0.1872406,0.32562256,9.848175,-0.1872406,0.32562256,9.848175
-0.19107056,0.32562256,9.844116,-0.19107056,0.32562256,9.844116,-0.19107056,0.32562256,9.844116
-0.19250488,0.32202148,9.845779,-0.19250488,0.32202148,9.845779,-0.19250488,0.32202148,9.845779
-0.19586182,0.32585144,9.846741,-0.19586182,0.32585144,9.846741,-0.19586182,0.32585144,9.846741
-0.1913147,0.32514954,9.845779,-0.1913147,0.32514954,9.845779,-0.1913147,0.32514954,9.845779
-0.192276,0.32058716,9.845795,-0.192276,0.32058716,9.845795,-0.192276,0.32058716,9.845795
-0.19633484,0.32369995,9.842911,-0.19633484,0.32369995,9.842911,-0.19633484,0.32369995,9.842911
-0.19467163,0.32322693,9.845779,-0.19467163,0.32322693,9.845779,-0.19467163,0.32322693,9.845779
-0.19274902,0.32609558,9.841949,-0.19274902,0.32609558,9.841949,-0.19274902,0.32609558,9.841949
-0.1903534,0.32633972,9.848663,-0.1903534,0.32633972,9.848663,-0.1903534,0.32633972,9.848663
-0.18844604,0.3239441,9.844833,-0.18844604,0.3239441,9.844833,-0.18844604,0.3239441,9.844833
-0.19010925,0.3227539,9.845062,-0.19010925,0.3227539,9.845062,-0.19010925,0.3227539,9.845062
-0.19107056,0.32466125,9.851288,-0.19107056,0.32466125,9.851288,-0.19107056,0.32466125,9.851288
-0.192276,0.3229828,9.8493805,-0.192276,0.3229828,9.8493805,-0.192276,0.3229828,9.8493805
-0.19346619,0.3229828,9.849136,-0.19346619,0.3229828,9.849136,-0.19346619,0.3229828,9.849136
-0.19514465,0.32730103,9.849625,-0.19514465,0.32730103,9.849625,-0.19514465,0.32730103,9.849625
-0.19250488,0.3217926,9.842438,-0.19250488,0.3217926,9.842438,-0.19250488,0.3217926,9.842438
-0.19250488,0.32609558,9.848663,-0.19250488,0.32609558,9.848663,-0.19250488,0.32609558,9.848663
-0.19467163,0.3239441,9.843399,-0.19467163,0.3239441,9.843399,-0.19467163,0.3239441,9.843399
-0.19395447,0.31843567,9.849625,-0.19395447,0.31843567,9.849625,-0.19395447,0.31843567,9.849625
-0.19082642,0.31987,9.846741,-0.19082642,0.31987,9.846741,-0.19082642,0.31987,9.846741
-0.192276,0.32609558,9.844116,-0.192276,0.32609558,9.844116,-0.192276,0.32609558,9.844116
-0.19059753,0.31892395,9.844345,-0.19059753,0.31892395,9.844345,-0.19059753,0.31892395,9.844345
-0.1872406,0.32202148,9.848175,-0.1872406,0.32202148,9.848175,-0.1872406,0.32202148,9.848175
-0.19706726,0.32730103,9.844116,-0.19706726,0.32730103,9.844116,-0.19706726,0.32730103,9.844116
-0.18891907,0.32250977,9.844345,-0.18891907,0.32250977,9.844345,-0.18891907,0.32250977,9.844345
-0.19467163,0.32226562,9.841232,-0.19467163,0.32226562,9.841232,-0.19467163,0.32226562,9.841232
-0.19250488,0.3227539,9.843628,-0.19250488,0.3227539,9.843628,-0.19250488,0.3227539,9.843628
-0.19250488,0.32250977,9.850342,-0.19250488,0.32250977,9.850342,-0.19250488,0.32250977,9.850342
-0.19203186,0.3284912,9.844833,-0.19203186,0.3284912,9.844833,-0.19203186,0.3284912,9.844833
-0.19346619,0.3275299,9.843399,-0.19346619,0.3275299,9.843399,-0.19346619,0.3275299,9.843399
-0.19155884,0.32443237,9.841232,-0.19155884,0.32443237,9.841232,-0.19155884,0.32443237,9.841232
-0.19082642,0.3249054,9.842438,-0.19082642,0.3249054,9.842438,-0.19082642,0.3249054,9.842438
-0.19012451,0.32369995,9.841003,-0.19012451,0.32369995,9.841003,-0.19012451,0.32369995,9.841003
-0.19274902,0.3244171,9.844833,-0.19274902,0.3244171,9.844833,-0.19274902,0.3244171,9.844833
-0.19322205,0.32537842,9.842194,-0.19322205,0.32537842,9.842194,-0.19322205,0.32537842,9.842194
-0.18891907,0.32466125,9.842911,-0.18891907,0.32466125,9.842911,-0.18891907,0.32466125,9.842911
-0.19561768,0.32226562,9.843872,-0.19561768,0.32226562,9.843872,-0.19561768,0.32226562,9.843872
-0.19180298,0.32106018,9.845551,-0.19180298,0.32106018,9.845551,-0.19180298,0.32106018,9.845551
-0.19155884,0.3244171,9.843155,-0.19155884,0.3244171,9.843155,-0.19155884,0.3244171,9.843155
-0.1903534,0.32466125,9.847458,-0.1903534,0.32466125,9.847458,-0.1903534,0.32466125,9.847458
-0.19178772,0.3249054,9.840042,-0.19178772,0.3249054,9.840042,-0.19178772,0.3249054,9.840042
-0.19346619,0.32537842,9.845306,-0.19346619,0.32537842,9.845306,-0.19346619,0.32537842,9.845306
-0.19467163,0.3217926,9.840286,-0.19467163,0.3217926,9.840286,-0.19467163,0.3217926,9.840286
-0.19252014,0.31700134,9.847702,-0.19252014,0.31700134,9.847702,-0.19252014,0.31700134,9.847702
-0.192276,0.32226562,9.847458,-0.192276,0.32226562,9.847458,-0.192276,0.32226562,9.847458
-0.19226074,0.32585144,9.846497,-0.19226074,0.32585144,9.846497,-0.19226074,0.32585144,9.846497
-0.19610596,0.32273865,9.842667,-0.19610596,0.32273865,9.842667,-0.19610596,0.32273865,9.842667
-0.18988037,0.32513428,9.848663,-0.18988037,0.32513428,9.848663,-0.18988037,0.32513428,9.848663
-0.18605042,0.32873535,9.839569,-0.18605042,0.32873535,9.839569,-0.18605042,0.32873535,9.839569
-0.19442749,0.32681274,9.846497,-0.19442749,0.32681274,9.846497,-0.19442749,0.32681274,9.846497
-0.19155884,0.32250977,9.846741,-0.19155884,0.32250977,9.846741,-0.19155884,0.32250977,9.846741
-0.19155884,0.32873535,9.8498535,-0.19155884,0.32873535,9.8498535,-0.19155884,0.32873535,9.8498535
-0.19012451,0.32705688,9.846985,-0.19012451,0.32705688,9.846985,-0.19012451,0.32705688,9.846985
-0.18844604,0.33711243,9.841721,-0.18844604,0.33711243,9.841721,-0.18844604,0.33711243,9.841721
-0.18914795,0.33590698,9.847458,-0.18914795,0.33590698,9.847458,-0.18914795,0.33590698,9.847458
-0.19442749,0.3347168,9.843399,-0.19442749,0.3347168,9.843399,-0.19442749,0.3347168,9.843399
-0.26911926,0.40174866,9.8498535,-0.26911926,0.40174866,9.8498535,-0.26911926,0.40174866,9.8498535
